"Chromosome","Region","Name","Fusion number","Fusion pair","5' gene","3' gene","Breakpoint type","Fusion crossing reads","5' read coverage","3' read coverage","Z-score","P-value","Filter","Translocation name","Exon skipping","Fusion with novel exon boundaries","Found in-frame CDS","Compatible transcripts","Original chromosome","Original breakpoint region","Fusion plot"
"Fusion 1: SLC12A5-LOC105372632","197^198","SLC12A5-LOC105372632","1","1","SLC12A5","LOC105372632","5'","478","478","627","602.3905349411","0","PASS","SLC12A5{NM_001134771.1}:r.1_197_LOC105372632{XR_936772.2}:r.93_305","No","No","No","NM_001134771.1,XM_017027981.1","20","46021886^46021887",""
"Fusion 1: SLC12A5-LOC105372632","13605^13606","SLC12A5-LOC105372632","1","1","SLC12A5","LOC105372632","3'","478","478","627","602.3905349411","0","PASS","SLC12A5{NM_001134771.1}:r.1_197_LOC105372632{XR_936772.2}:r.93_305","No","No","No","XR_936772.2","20","46023368^46023369",""
"Fusion 2: LOC100134040-LOC728715","4429^4430","LOC100134040-LOC728715","2","2","LOC100134040","LOC728715","5'","0","0","935","-Inf","1","No support","LOC100134040{XR_928117.2}:r.1_1053_LOC728715{XM_017020286.1}:r.144_576","No","No","No","XR_928117.2,XR_001745406.1,XR_928113.2,XR_001745405.1,XR_001745407.1,XR_928112.2,XR_928106.2,XR_001745399.1,XR_001745411.1,XR_928120.2,XR_001745415.1,XR_001745400.1,XR_001745401.1,XR_928110.2,XR_928126.2,XR_928107.2,XR_001745402.1,XR_001745403.1,XR_928109.2,XR_001745404.1,XR_928114.2,XR_928111.2,XR_928150.2,XR_928116.2,XR_928118.2,XR_928152.2,XR_928121.2,XR_928125.2,XR_928122.2,XR_001745412.1,XR_928123.2,XR_001745409.1,XR_001745408.1,XR_928127.2,XR_001745410.1,XR_928132.2,XR_001745413.1,XR_001745414.1,XR_928129.2,XR_928128.2,XR_928130.2,XR_001745416.1,XR_001745417.1,XR_928133.2,XR_928137.2,XR_001745418.1,XR_928136.2,XR_928134.2,XR_928135.2,XR_928140.2","7","150036817^150036818",""
"Fusion 2: LOC100134040-LOC728715","9073^9074","LOC100134040-LOC728715","2","1","LOC100134040","LOC728715","5'","934","936","935","963.8846533738","0","PASS","LOC100134040{XR_928117.2}:r.1_1473_LOC728715{XM_017020286.1}:r.144_576","No","No","No","XR_928117.2,XR_001745406.1,XR_928113.2,XR_001745405.1,XR_001745407.1,XR_928112.2,XR_928106.2,XR_001745399.1,XR_001745411.1,XR_928120.2,XR_001745415.1,XR_001745400.1,XR_001745401.1,XR_928110.2,XR_928126.2,XR_928107.2,XR_001745403.1,XR_928109.2,XR_001745404.1,XR_928114.2,XR_928111.2,XR_928150.2,XR_928116.2,XR_928118.2,XR_928152.2,XR_928125.2,XR_928122.2,XR_001745412.1,XR_928123.2,XR_001745409.1,XR_001745408.1,XR_928127.2,XR_001745410.1,XR_928132.2,XR_001745413.1,XR_001745414.1,XR_928129.2,XR_928128.2,XR_928130.2,XR_001745416.1,XR_001745417.1,XR_928133.2,XR_928137.2,XR_001745418.1,XR_928136.2,XR_928134.2,XR_928135.2,XR_928140.2","7","150041461^150041462",""
"Fusion 2: LOC100134040-LOC728715","9845^9846","LOC100134040-LOC728715","2","1","LOC100134040","LOC728715","3'","934","936","935","963.8846533738","0","PASS","LOC100134040{XR_928117.2}:r.1_1473_LOC728715{XM_017020286.1}:r.144_576","No","No","No","XM_017020286.1","12","complement(9402556^9402557)",""
"Fusion 2: LOC100134040-LOC728715","9845^9846","LOC100134040-LOC728715","2","2","LOC100134040","LOC728715","3'","0","0","935","-Inf","1","No support","LOC100134040{XR_928117.2}:r.1_1053_LOC728715{XM_017020286.1}:r.144_576","No","No","No","XM_017020286.1","12","complement(9402556^9402557)",""
"Fusion 3: ZNF74-LOC105372972","1304^1305","ZNF74-LOC105372972","3","2","ZNF74","LOC105372972","5'","16","33","106","42.6169038713","0","PASS","ZNF74{NM_003426.3}:r.1_634_LOC105372972{XR_938105.1}:r.128_298","No","No","No","NM_003426.3,NM_001256524.1,NM_001256525.1,NR_046282.1","22","20395418^20395419",""
"Fusion 3: ZNF74-LOC105372972","7258^7259","ZNF74-LOC105372972","3","1","ZNF74","LOC105372972","5'","69","75","106","203.8708708709","0","PASS","ZNF74{NM_003426.3}:r.1_857_LOC105372972{XR_938105.1}:r.128_298","No","No","No","NM_003426.3,NM_001256524.1,NM_001256525.1,NM_001256523.1,NR_046282.1","22","20401372^20401373",""
"Fusion 3: ZNF74-LOC105372972","12711^12712","ZNF74-LOC105372972","3","1","ZNF74","LOC105372972","3'","69","75","106","203.8708708709","0","PASS","ZNF74{NM_003426.3}:r.1_857_LOC105372972{XR_938105.1}:r.128_298","No","No","No","XR_938105.1,XR_938103.1","22","26161834^26161835",""
"Fusion 3: ZNF74-LOC105372972","12711^12712","ZNF74-LOC105372972","3","2","ZNF74","LOC105372972","3'","16","33","106","42.6169038713","0","PASS","ZNF74{NM_003426.3}:r.1_634_LOC105372972{XR_938105.1}:r.128_298","No","No","No","XR_938105.1,XR_938103.1","22","26161834^26161835",""
"Fusion 4: SUZ12-SUZ12P1","511^512","SUZ12-SUZ12P1","4","3","SUZ12","SUZ12P1","5'","22","23","32","117.2733347144","0","PASS","SUZ12{NM_015355.3}:r.1_511_SUZ12P1{NR_024187.2}:r.205_728","No","No","No","NM_015355.3,NM_001321207.1,XM_017024409.1,XM_006721794.3,XR_001752462.1","17","31937520^31937521",""
"Fusion 4: SUZ12-SUZ12P1","10676^10677","SUZ12-SUZ12P1","4","1","SUZ12","SUZ12P1","5'","101","108","108","295.9848294506","0","PASS","SUZ12{NM_015355.3}:r.1_692_SUZ12P1{NR_024187.2}:r.317_728","No","No","No","NM_015355.3,XM_017024409.1,XM_006721794.3,XR_001752462.1","17","31947685^31947686",""
"Fusion 4: SUZ12-SUZ12P1","36222^36223","SUZ12-SUZ12P1","4","2","SUZ12","SUZ12P1","5'","0","86","34","-Inf","1","No support","SUZ12{NM_015355.3}:r.1_828_SUZ12P1{NR_024187.2}:r.452_728","No","No","No","NM_015355.3,NM_001321207.1,XM_017024409.1,XM_006721794.3,XR_001752462.1","17","31973231^31973232",""
"Fusion 4: SUZ12-SUZ12P1","61357^61358","SUZ12-SUZ12P1","4","3","SUZ12","SUZ12P1","3'","22","23","32","117.2733347144","0","PASS","SUZ12{NM_015355.3}:r.1_511_SUZ12P1{NR_024187.2}:r.205_728","No","No","No","NR_024187.2","17","30734896^30734897",""
"Fusion 4: SUZ12-SUZ12P1","85951^85952","SUZ12-SUZ12P1","4","1","SUZ12","SUZ12P1","3'","101","108","108","295.9848294506","0","PASS","SUZ12{NM_015355.3}:r.1_692_SUZ12P1{NR_024187.2}:r.317_728","No","No","No","NR_024187.2","17","30759490^30759491",""
"Fusion 4: SUZ12-SUZ12P1","95294^95295","SUZ12-SUZ12P1","4","2","SUZ12","SUZ12P1","3'","0","86","34","-Inf","1","No support","SUZ12{NM_015355.3}:r.1_828_SUZ12P1{NR_024187.2}:r.452_728","No","No","No","NR_024187.2","17","30768833^30768834",""
"Fusion 5: LOC107984603-SERP2","111^112","LOC107984603-SERP2","5","1","LOC107984603","SERP2","5'","29","29","34","154.0303025111","0","PASS","LOC107984603{XR_001749857.1}:r.1_111_SERP2{NM_001010897.1}:r.342_784","No","No","No","XR_001749857.1","13","44390578^44390579",""
"Fusion 5: LOC107984603-SERP2","18566^18567","LOC107984603-SERP2","5","1","LOC107984603","SERP2","3'","29","29","34","154.0303025111","0","PASS","LOC107984603{XR_001749857.1}:r.1_111_SERP2{NM_001010897.1}:r.342_784","No","No","No","NM_001010897.1","13","44397271^44397272",""
"Fusion 6: LOC729732-LOC101928095","64454^64455","LOC729732-LOC101928095","6","1","LOC729732","LOC101928095","5'","213","213","218","454.8607728701","0","PASS","LOC729732{NR_047662.2}:r.1_1647_LOC101928095{XM_017014141.1}:r.2828_3375","No","No","No","NR_047662.2","8","complement(12601157^12601158)",""
"Fusion 6: LOC729732-LOC101928095","83944^83945","LOC729732-LOC101928095","6","1","LOC729732","LOC101928095","3'","213","213","218","454.8607728701","0","PASS","LOC729732{NR_047662.2}:r.1_1647_LOC101928095{XM_017014141.1}:r.2828_3375","No","No","No","XM_017014141.1,XM_017014142.1,XM_017014139.1","8","complement(7216769^7216770)",""
"Fusion 7: LOC729732-LOC107986910","6482^6483","LOC729732-LOC107986910","7","3","LOC729732","LOC107986910","5'","1","204","279","-Inf","1","Few supporting reads","LOC729732{NR_047662.2}:r.1_1034_LOC107986910{XM_017014151.1}:r.739_1270","No","No","No","NR_047662.2","8","complement(12659129^12659130)",""
"Fusion 7: LOC729732-LOC107986910","57689^57690","LOC729732-LOC107986910","7","2","LOC729732","LOC107986910","5'","274","276","279","515.6502450064","0","PASS","LOC729732{NR_047662.2}:r.1_1102_LOC107986910{XM_017014151.1}:r.739_1270","No","No","No","NR_047662.2","8","complement(12607922^12607923)",""
"Fusion 7: LOC729732-LOC107986910","58321^58322","LOC729732-LOC107986910","7","1","LOC729732","LOC107986910","5'","0","2","0","-Inf","1","No support","LOC729732{NR_047662.2}:r.1_1338_ins_LOC107986910{XM_017014151.1}:r.1271_1270","No","No","No","NR_047662.2","8","complement(12607290^12607291)",""
"Fusion 7: LOC729732-LOC107986910","58762^58763","LOC729732-LOC107986910","7","2","LOC729732","LOC107986910","3'","274","276","279","515.6502450064","0","PASS","LOC729732{NR_047662.2}:r.1_1102_LOC107986910{XM_017014151.1}:r.739_1270","No","No","No","XM_017014151.1,XR_001745778.1","8","7611449^7611450",""
"Fusion 7: LOC729732-LOC107986910","58762^58763","LOC729732-LOC107986910","7","3","LOC729732","LOC107986910","3'","1","204","279","-Inf","1","Few supporting reads","LOC729732{NR_047662.2}:r.1_1034_LOC107986910{XM_017014151.1}:r.739_1270","No","No","No","XM_017014151.1,XR_001745778.1","8","7611449^7611450",""
"Fusion 7: LOC729732-LOC107986910","60810^60811","LOC729732-LOC107986910","7","1","LOC729732","LOC107986910","3'","0","2","0","-Inf","1","No support","LOC729732{NR_047662.2}:r.1_1338_ins_LOC107986910{XM_017014151.1}:r.1271_1270","No","No","No","XR_001745778.1","8","7613497^7613498",""
"Fusion 8: LOC107985733-RPL22","205^206","LOC107985733-RPL22","8","3","LOC107985733","RPL22","5'","1","9","147","-Inf","1","Few supporting reads","LOC107985733{XR_001737880.1}:r.1_205_RPL22{NM_000983.3}:r.59_2085","No","No","No","XR_001737880.1","1","complement(6209134^6209135)",""
"Fusion 8: LOC107985733-RPL22","659^660","LOC107985733-RPL22","8","2","LOC107985733","RPL22","5'","16","21","147","38.2319095007","0","PASS","LOC107985733{XR_001737880.1}:r.1_264_RPL22{NM_000983.3}:r.59_2085","No","No","No","XR_001737880.1","1","complement(6208680^6208681)",""
"Fusion 8: LOC107985733-RPL22","659^660","LOC107985733-RPL22","8","4","LOC107985733","RPL22","5'","3","21","4881","-1.3101054299","0.956063347","High p-value","LOC107985733{XR_001737880.1}:r.1_264_RPL22{NM_000983.3}:r.164_2085","No","No","No","XR_001737880.1","1","complement(6208680^6208681)",""
"Fusion 8: LOC107985733-RPL22","8848^8849","LOC107985733-RPL22","8","1","LOC107985733","RPL22","5'","42","42","147","106.9733046982","0","PASS","LOC107985733{XR_001737880.1}:r.1_523_RPL22{NM_000983.3}:r.59_2085","No","No","No","XR_001737880.1","1","complement(6200491^6200492)",""
"Fusion 8: LOC107985733-RPL22","8898^8899","LOC107985733-RPL22","8","1","LOC107985733","RPL22","3'","42","42","147","106.9733046982","0","PASS","LOC107985733{XR_001737880.1}:r.1_523_RPL22{NM_000983.3}:r.59_2085","No","No","No","NM_000983.3","1","complement(6197756^6197757)",""
"Fusion 8: LOC107985733-RPL22","8898^8899","LOC107985733-RPL22","8","2","LOC107985733","RPL22","3'","16","21","147","38.2319095007","0","PASS","LOC107985733{XR_001737880.1}:r.1_264_RPL22{NM_000983.3}:r.59_2085","No","No","No","NM_000983.3","1","complement(6197756^6197757)",""
"Fusion 8: LOC107985733-RPL22","8898^8899","LOC107985733-RPL22","8","3","LOC107985733","RPL22","3'","1","9","147","-Inf","1","Few supporting reads","LOC107985733{XR_001737880.1}:r.1_205_RPL22{NM_000983.3}:r.59_2085","No","No","No","NM_000983.3","1","complement(6197756^6197757)",""
"Fusion 8: LOC107985733-RPL22","13600^13601","LOC107985733-RPL22","8","4","LOC107985733","RPL22","3'","3","21","4881","-1.3101054299","0.956063347","High p-value","LOC107985733{XR_001737880.1}:r.1_264_RPL22{NM_000983.3}:r.164_2085","No","No","No","NM_000983.3","1","complement(6193054^6193055)",""
"Fusion 9: CHKB-CPT1B-CPT1B","3964^3965","CHKB-CPT1B-CPT1B","9","1","CHKB-CPT1B","CPT1B","5'","0","0","0","-Inf","1","No support","CHKB-CPT1B{NR_027928.2}:r.1_1551_ins_CPT1B{NM_004377.3}:r.1_2895","No","No","No","NR_027928.2","22","complement(50579035^50579036)",""
"Fusion 9: CHKB-CPT1B-CPT1B","13833^13834","CHKB-CPT1B-CPT1B","9","2","CHKB-CPT1B","CPT1B","5'","0","8","0","-Inf","1","No support","CHKB-CPT1B{NR_027928.2}:r.1_4055_CPT1B{NM_004377.3}:r.2675_2895","No","No","No","NR_027928.2","22","complement(50569166^50569167)",""
"Fusion 9: CHKB-CPT1B-CPT1B","13883^13884","CHKB-CPT1B-CPT1B","9","1","CHKB-CPT1B","CPT1B","3'","0","0","0","-Inf","1","No support","CHKB-CPT1B{NR_027928.2}:r.1_1551_ins_CPT1B{NM_004377.3}:r.1_2895","No","No","No","NM_001145135.1,NM_152245.2,NM_001145134.1","22","complement(50578667^50578668)",""
"Fusion 9: CHKB-CPT1B-CPT1B","23469^23470","CHKB-CPT1B-CPT1B","9","2","CHKB-CPT1B","CPT1B","3'","0","8","0","-Inf","1","No support","CHKB-CPT1B{NR_027928.2}:r.1_4055_CPT1B{NM_004377.3}:r.2675_2895","No","No","No","NR_027928.2,NM_001145135.1,NM_152246.2,NM_001145137.1,NM_001145134.1","22","complement(50569081^50569082)",""
"Fusion 10: LOC101929400-LOC729732","2622^2623","LOC101929400-LOC729732","10","1","LOC101929400","LOC729732","5'","123","128","128","335.5984715276","0","PASS","LOC101929400{XR_001745777.1}:r.1_333_LOC729732{NR_047662.2}:r.1339_3982","No","No","No","XR_001745777.1","8","complement(7684085^7684086)",""
"Fusion 10: LOC101929400-LOC729732","2622^2623","LOC101929400-LOC729732","10","2","LOC101929400","LOC729732","5'","0","128","0","-Inf","1","No support","LOC101929400{XR_001745777.1}:r.1_333_LOC729732{NR_047662.2}:r.1035_3982","No","No","No","XR_001745777.1","8","complement(7684085^7684086)",""
"Fusion 10: LOC101929400-LOC729732","2927^2928","LOC101929400-LOC729732","10","3","LOC101929400","LOC729732","5'","3","3","128","5.258394594","7.364E-3","High p-value","LOC101929400{XR_001745777.1}:r.1_409_LOC729732{NR_047662.2}:r.1339_3982","No","No","No","XR_001745777.1","8","complement(7683780^7683781)",""
"Fusion 10: LOC101929400-LOC729732","5768^5769","LOC101929400-LOC729732","10","4","LOC101929400","LOC729732","5'","0","0","177","-Inf","1","No support","LOC101929400{XR_001745777.1}:r.1_477_LOC729732{NR_047662.2}:r.1407_3982","No","No","No","XM_017014149.1,XM_017014150.1","8","complement(7680939^7680940)",""
"Fusion 10: LOC101929400-LOC729732","6208^6209","LOC101929400-LOC729732","10","2","LOC101929400","LOC729732","3'","0","128","0","-Inf","1","No support","LOC101929400{XR_001745777.1}:r.1_333_LOC729732{NR_047662.2}:r.1035_3982","No","No","No","NR_047662.2","8","complement(12607990^12607991)",""
"Fusion 10: LOC101929400-LOC729732","12344^12345","LOC101929400-LOC729732","10","1","LOC101929400","LOC729732","3'","123","128","128","335.5984715276","0","PASS","LOC101929400{XR_001745777.1}:r.1_333_LOC729732{NR_047662.2}:r.1339_3982","No","No","No","NR_047662.2","8","complement(12601854^12601855)",""
"Fusion 10: LOC101929400-LOC729732","12344^12345","LOC101929400-LOC729732","10","3","LOC101929400","LOC729732","3'","3","3","128","5.258394594","7.364E-3","High p-value","LOC101929400{XR_001745777.1}:r.1_409_LOC729732{NR_047662.2}:r.1339_3982","No","No","No","NR_047662.2","8","complement(12601854^12601855)",""
"Fusion 10: LOC101929400-LOC729732","12800^12801","LOC101929400-LOC729732","10","4","LOC101929400","LOC729732","3'","0","0","177","-Inf","1","No support","LOC101929400{XR_001745777.1}:r.1_477_LOC729732{NR_047662.2}:r.1407_3982","No","No","No","NR_047662.2","8","complement(12601398^12601399)",""
"Fusion 11: MTCP1-CMC4","5787^5788","MTCP1-CMC4","11","2","MTCP1","CMC4","5'","4","4","111","8.7180379676","1.992E-4","PASS","MTCP1{NM_001018025.3}:r.1_954_CMC4{NM_001018024.2}:r.580_1017","No","No","Yes","NM_001018025.3","X","complement(155065485^155065486)",""
"Fusion 11: MTCP1-CMC4","7239^7240","MTCP1-CMC4","11","1","MTCP1","CMC4","5'","41","41","111","120.3330569297","0","PASS","MTCP1{NM_001018025.3}:r.1_2320_CMC4{NM_001018024.2}:r.580_1017","No","No","Yes","NM_001018025.3","X","complement(155064033^155064034)",""
"Fusion 11: MTCP1-CMC4","13949^13950","MTCP1-CMC4","11","1","MTCP1","CMC4","3'","41","41","111","120.3330569297","0","PASS","MTCP1{NM_001018025.3}:r.1_2320_CMC4{NM_001018024.2}:r.580_1017","No","No","Yes","NM_001018024.2","X","complement(155064033^155064034)",""
"Fusion 11: MTCP1-CMC4","13949^13950","MTCP1-CMC4","11","2","MTCP1","CMC4","3'","4","4","111","8.7180379676","1.992E-4","PASS","MTCP1{NM_001018025.3}:r.1_954_CMC4{NM_001018024.2}:r.580_1017","No","No","Yes","NM_001018024.2","X","complement(155064033^155064034)",""
"Fusion 12: LOC101928095-LOC729732","6207^6208","LOC101928095-LOC729732","12","1","LOC101928095","LOC729732","5'","0","0","2","-Inf","1","No support","LOC101928095{XM_017014144.1}:r.1_2595_ins_LOC729732{NR_047662.2}:r.1339_3982","No","No","No","XR_001745772.1,XR_001745774.1","8","complement(7218490^7218491)",""
"Fusion 12: LOC101928095-LOC729732","11921^11922","LOC101928095-LOC729732","12","1","LOC101928095","LOC729732","3'","0","0","2","-Inf","1","No support","LOC101928095{XM_017014144.1}:r.1_2595_ins_LOC729732{NR_047662.2}:r.1339_3982","No","No","No","NR_047662.2","8","complement(12601854^12601855)",""
"Fusion 13: LOC100134368-NME4","1189^1190","LOC100134368-NME4","13","1","LOC100134368","NME4","5'","19","22","149","45.9560477256","0","PASS","LOC100134368{NR_024453.2}:r.1_377_NME4{NM_005009.2}:r.123_1007","No","No","No","NR_024453.2","16","383429^383430",""
"Fusion 13: LOC100134368-NME4","10171^10172","LOC100134368-NME4","13","1","LOC100134368","NME4","3'","19","22","149","45.9560477256","0","PASS","LOC100134368{NR_024453.2}:r.1_377_NME4{NM_005009.2}:r.123_1007","No","No","No","NM_005009.2,NM_001286435.1,NM_001286433.1,NM_001286436.1,NM_001286438.1,NM_001286439.1,NM_001286440.1","16","398989^398990",""
"Fusion 14: HLA-B-HLA-C","558^559","HLA-B-HLA-C","14","2","HLA-B","HLA-C","5'","3","326","3404","-0.8946159193","0.8862777471","High p-value","HLA-B{NM_005514.7}:r.1_430_HLA-C{NM_002117.5}:r.685_1586","No","No","Yes","NM_005514.7,XM_011514557.1,XR_926175.1","6","complement(31356687^31356688)",""
"Fusion 14: HLA-B-HLA-C","1929^1930","HLA-B-HLA-C","14","1","HLA-B","HLA-C","5'","95","2776","695","49.3546852794","0","PASS","HLA-B{NM_005514.7}:r.1_982_HLA-C{NM_002117.5}:r.1081_1586","No","No","Yes","NM_005514.7,XM_011514557.1,XR_926175.1","6","complement(31355316^31355317)",""
"Fusion 14: HLA-B-HLA-C","1979^1980","HLA-B-HLA-C","14","2","HLA-B","HLA-C","3'","3","326","3404","-0.8946159193","0.8862777471","High p-value","HLA-B{NM_005514.7}:r.1_430_HLA-C{NM_002117.5}:r.685_1586","No","No","Yes","NM_002117.5","6","complement(31270485^31270486)",""
"Fusion 14: HLA-B-HLA-C","2939^2940","HLA-B-HLA-C","14","1","HLA-B","HLA-C","3'","95","2776","695","49.3546852794","0","PASS","HLA-B{NM_005514.7}:r.1_982_HLA-C{NM_002117.5}:r.1081_1586","No","No","Yes","NM_002117.5","6","complement(31269525^31269526)",""
"Fusion 15: STAU2-LOC105375902","74602^74603","STAU2-LOC105375902","15","1","STAU2","LOC105375902","5'","14","17","14","102.6988951404","0","PASS","STAU2{NM_001164380.1}:r.1_751_LOC105375902{XR_929049.2}:r.1788_3422","No","No","No","NM_001164380.1,NM_014393.2,NM_001164382.1,NM_001164381.1,NM_001164384.1,NM_001164385.1","8","complement(73673106^73673107)",""
"Fusion 15: STAU2-LOC105375902","132426^132427","STAU2-LOC105375902","15","1","STAU2","LOC105375902","3'","14","17","14","102.6988951404","0","PASS","STAU2{NM_001164380.1}:r.1_751_LOC105375902{XR_929049.2}:r.1788_3422","No","No","No","XR_929049.2,XR_001745955.1","8","complement(73653896^73653897)",""
"Fusion 16: CTBS-GNG5","11224^11225","CTBS-GNG5","16","1","CTBS","GNG5","5'","29","112","481","36.5847154681","0","PASS","CTBS{NM_004388.2}:r.1_1022_GNG5{NM_005274.2}:r.436_806","No","No","Yes","NM_004388.2","1","complement(84563256^84563257)",""
"Fusion 16: CTBS-GNG5","23371^23372","CTBS-GNG5","16","1","CTBS","GNG5","3'","29","112","481","36.5847154681","0","PASS","CTBS{NM_004388.2}:r.1_1022_GNG5{NM_005274.2}:r.436_806","No","No","Yes","NM_005274.2","1","complement(84501970^84501971)",""
"Fusion 17: LINC00266-3-LOC100133331","760^761","LINC00266-3-LOC100133331","17","1","LINC00266-3","LOC100133331","5'","15","15","15","118.2624200666","0","PASS","LINC00266-3{NR_109817.1}:r.1_326_LOC100133331{NR_028327.1}:r.170_4273","No","No","No","NR_109817.1","6","complement(147399^147400)",""
"Fusion 17: LINC00266-3-LOC100133331","8057^8058","LINC00266-3-LOC100133331","17","1","LINC00266-3","LOC100133331","3'","15","15","15","118.2624200666","0","PASS","LINC00266-3{NR_109817.1}:r.1_326_LOC100133331{NR_028327.1}:r.170_4273","No","No","No","NR_028327.1","1","complement(729955^729956)",""
"Fusion 18: PFKFB4-SHISA5","40398^40399","PFKFB4-SHISA5","18","1","PFKFB4","SHISA5","5'","19","90","27","57.5118317945","0","PASS","PFKFB4{NM_004567.3}:r.1_1496_SHISA5{NM_016479.4}:r.232_2187","No","No","Yes","NM_004567.3,NM_001317136.1,NM_001317135.1,NM_001317137.1,NM_001317134.1,NM_001317138.1,XM_011533829.2,XM_017006614.1,XM_017006617.1,XM_017006615.1,XM_017006616.1","3","complement(48521985^48521986)",""
"Fusion 18: PFKFB4-SHISA5","40398^40399","PFKFB4-SHISA5","18","2","PFKFB4","SHISA5","5'","1","90","68","-Inf","1","Few supporting reads","PFKFB4{NM_004567.3}:r.1_1496_SHISA5{NM_016479.4}:r.389_2187","No","No","Yes","NM_004567.3,NM_001317136.1,NM_001317135.1,NM_001317137.1,NM_001317134.1,NM_001317138.1,XM_011533829.2,XM_017006614.1,XM_017006617.1,XM_017006615.1,XM_017006616.1","3","complement(48521985^48521986)",""
"Fusion 18: PFKFB4-SHISA5","42482^42483","PFKFB4-SHISA5","18","1","PFKFB4","SHISA5","3'","19","90","27","57.5118317945","0","PASS","PFKFB4{NM_004567.3}:r.1_1496_SHISA5{NM_016479.4}:r.232_2187","No","No","Yes","NM_016479.4,NM_001272065.1,NM_001272066.1,NM_001272067.1,NM_001272068.1,XM_005265205.1,XM_011533796.1,XM_006713188.2","3","complement(48501293^48501294)",""
"Fusion 18: PFKFB4-SHISA5","64518^64519","PFKFB4-SHISA5","18","2","PFKFB4","SHISA5","3'","1","90","68","-Inf","1","Few supporting reads","PFKFB4{NM_004567.3}:r.1_1496_SHISA5{NM_016479.4}:r.389_2187","No","No","Yes","NM_016479.4,NM_001272065.1,NM_001272066.1,NM_001272067.1,NM_001272068.1,XM_005265205.1,XM_011533796.1,XM_006713188.2","3","complement(48479257^48479258)",""
"Fusion 19: KANSL1-LOC107985027","54520^54521","KANSL1-LOC107985027","19","1","KANSL1","LOC107985027","5'","13","14","13","105.1855507045","0","PASS","KANSL1{NM_001193466.1}:r.1_1760_LOC107985027{XR_001752923.1}:r.1005_3043","No","No","No","NM_001193466.1,NM_001193465.1,NM_015443.3,XM_006721824.3,XM_011524628.2,XM_011524629.2,XM_006721823.1,XM_011524630.2,XM_011524631.2,XM_017024489.1,XM_011524632.2,XM_017024488.1","17","complement(46170854^46170855)",""
"Fusion 19: KANSL1-LOC107985027","71399^71400","KANSL1-LOC107985027","19","1","KANSL1","LOC107985027","3'","13","14","13","105.1855507045","0","PASS","KANSL1{NM_001193466.1}:r.1_1760_LOC107985027{XR_001752923.1}:r.1005_3043","No","No","No","XR_001752923.1","17","complement(46152966^46152967)",""
"Fusion 20: LOC107985733-LOC102724450","659^660","LOC107985733-LOC102724450","20","1","LOC107985733","LOC102724450","5'","13","13","13","109.4897255454","0","PASS","LOC107985733{XR_001737880.1}:r.1_264_LOC102724450{NR_125997.1}:r.28_378","No","No","No","XR_001737880.1","1","complement(6208680^6208681)",""
"Fusion 20: LOC107985733-LOC102724450","8979^8980","LOC107985733-LOC102724450","20","1","LOC107985733","LOC102724450","3'","13","13","13","109.4897255454","0","PASS","LOC107985733{XR_001737880.1}:r.1_264_LOC102724450{NR_125997.1}:r.28_378","No","No","No","NR_125997.1","1","complement(6205413^6205414)",""
"Fusion 21: S100A1-S100A13","2266^2267","S100A1-S100A13","21","1","S100A1","S100A13","5'","59","15758","59","10.6471958209","2.22E-16","PASS","S100A1{NM_006271.1}:r.1_254_ins_S100A13{NM_001024210.1}:r.444_897","No","No","Yes","NM_006271.1","1","153630662^153630663",""
"Fusion 21: S100A1-S100A13","3351^3352","S100A1-S100A13","21","1","S100A1","S100A13","3'","59","15758","59","10.6471958209","2.22E-16","PASS","S100A1{NM_006271.1}:r.1_254_ins_S100A13{NM_001024210.1}:r.444_897","No","No","Yes","XM_011509864.1","1","complement(153630656^153630657)",""
"Fusion 22: CIRBP-C19orf24","5175^5176","CIRBP-C19orf24","22","1","CIRBP","C19orf24","5'","16","789","79","15.3454003181","2.742E-14","PASS","CIRBP{NR_023312.2}:r.1_3101_C19orf24{NM_017914.3}:r.311_895","No","No","No","NR_023312.2,NR_023313.2,XR_001753598.1,XR_001753600.1,XR_001753599.1","19","1274440^1274441",""
"Fusion 22: CIRBP-C19orf24","6785^6786","CIRBP-C19orf24","22","1","CIRBP","C19orf24","3'","16","789","79","15.3454003181","2.742E-14","PASS","CIRBP{NR_023312.2}:r.1_3101_C19orf24{NM_017914.3}:r.311_895","No","No","No","NM_017914.3","19","1277182^1277183",""
"Fusion 23: RAB10-LOC105374333","876^877","RAB10-LOC105374333","23","1","RAB10","LOC105374333","5'","8","50","8","31.4171296594","8.282E-14","PASS","RAB10{NM_016131.4}:r.1_876_LOC105374333{XR_939850.2}:r.934_1213","No","No","No","NM_016131.4","2","26034735^26034736",""
"Fusion 23: RAB10-LOC105374333","83285^83286","RAB10-LOC105374333","23","1","RAB10","LOC105374333","3'","8","50","8","31.4171296594","8.282E-14","PASS","RAB10{NM_016131.4}:r.1_876_LOC105374333{XR_939850.2}:r.934_1213","No","No","No","XR_939850.2,XR_939851.2","2","26093590^26093591",""
"Fusion 24: TNRC6B-ANKRD54","240954^240955","TNRC6B-ANKRD54","24","1","TNRC6B","ANKRD54","5'","6","6","22","34.3755562769","2.008E-11","PASS","TNRC6B{NM_015088.2}:r.1_3589_ANKRD54{NM_138797.2}:r.437_2099","No","No","Yes","NM_015088.2,NM_001024843.1,NM_001162501.1","22","40285770^40285771",""
"Fusion 24: TNRC6B-ANKRD54","259070^259071","TNRC6B-ANKRD54","24","1","TNRC6B","ANKRD54","3'","6","6","22","34.3755562769","2.008E-11","PASS","TNRC6B{NM_015088.2}:r.1_3589_ANKRD54{NM_138797.2}:r.437_2099","No","No","Yes","NM_138797.2,XM_011529878.2,XM_011529877.2,XM_017028590.1,XM_017028593.1,XM_011529883.2,XM_006724137.1,XM_006724136.1,XM_011529880.2,XM_011529879.2,XM_011529884.2,XM_011529882.2,XM_017028591.1,XR_001755167.1,XR_001755168.1,XR_937811.2,NR_036556.1","22","complement(37840234^37840235)",""
"Fusion 25: CTSD-IFITM10","10190^10191","CTSD-IFITM10","25","1","CTSD","IFITM10","5'","39","2733","39","21.3480268572","0","PASS","CTSD{NM_001909.4}:r.1_1204_IFITM10{NM_001170820.3}:r.237_3709","No","No","Yes","NM_001909.4","11","complement(1753802^1753803)",""
"Fusion 25: CTSD-IFITM10","12611^12612","CTSD-IFITM10","25","1","CTSD","IFITM10","3'","39","2733","39","21.3480268572","0","PASS","CTSD{NM_001909.4}:r.1_1204_IFITM10{NM_001170820.3}:r.237_3709","No","No","Yes","NM_001170820.3","11","complement(1748119^1748120)",""
"Fusion 26: LOC100996732-LOC107985200","5095^5096","LOC100996732-LOC107985200","26","1","LOC100996732","LOC107985200","5'","17","17","88","53.9771179751","0","PASS","LOC100996732{XR_922018.1}:r.1_320_LOC107985200{XR_001738207.1}:r.244_630","No","No","No","XR_922018.1,XR_922022.2,XR_426819.3,XR_159162.4,XR_922021.2","1","complement(144245237^144245238)",""
"Fusion 26: LOC100996732-LOC107985200","53893^53894","LOC100996732-LOC107985200","26","1","LOC100996732","LOC107985200","3'","17","17","88","53.9771179751","0","PASS","LOC100996732{XR_922018.1}:r.1_320_LOC107985200{XR_001738207.1}:r.244_630","No","No","No","XR_001738207.1","1","complement(143382868^143382869)",""
"Fusion 27: LOC105372439-LOC105372440","3681^3682","LOC105372439-LOC105372440","27","1","LOC105372439","LOC105372440","5'","3","3","3","44.6989932773","1E-6","PASS","LOC105372439{XR_936026.2}:r.1_532_LOC105372440{NR_134883.1}:r.122_588","No","No","No","XR_936026.2","19","complement(50789617^50789618)",""
"Fusion 27: LOC105372439-LOC105372440","4994^4995","LOC105372439-LOC105372440","27","1","LOC105372439","LOC105372440","3'","3","3","3","44.6989932773","1E-6","PASS","LOC105372439{XR_936026.2}:r.1_532_LOC105372440{NR_134883.1}:r.122_588","No","No","No","NR_134883.1","19","complement(50786001^50786002)",""
"Fusion 28: TNRC6B-PHF5A","111366^111367","TNRC6B-PHF5A","28","2","TNRC6B","PHF5A","5'","0","0","42","-Inf","1","No support","TNRC6B{NM_015088.2}:r.1_0_ins_PHF5A{NM_032758.3}:r.104_1065","No","No","No","NM_001024843.1","22","40156182^40156183",""
"Fusion 28: TNRC6B-PHF5A","133324^133325","TNRC6B-PHF5A","28","1","TNRC6B","PHF5A","5'","8","16","42","31.4171296594","8.282E-14","PASS","TNRC6B{NM_015088.2}:r.1_216_PHF5A{NM_032758.3}:r.104_1065","No","No","No","NM_015088.2,NM_001162501.1","22","40178140^40178141",""
"Fusion 28: TNRC6B-PHF5A","133324^133325","TNRC6B-PHF5A","28","3","TNRC6B","PHF5A","5'","5","16","50","16.0930311725","4.663E-7","PASS","TNRC6B{NM_015088.2}:r.1_216_PHF5A{NM_032758.3}:r.128_1065","No","No","No","NM_015088.2,NM_001162501.1","22","40178140^40178141",""
"Fusion 28: TNRC6B-PHF5A","201248^201249","TNRC6B-PHF5A","28","1","TNRC6B","PHF5A","3'","8","16","42","31.4171296594","8.282E-14","PASS","TNRC6B{NM_015088.2}:r.1_216_PHF5A{NM_032758.3}:r.104_1065","No","No","No","NM_032758.3","22","complement(41468147^41468148)",""
"Fusion 28: TNRC6B-PHF5A","201248^201249","TNRC6B-PHF5A","28","2","TNRC6B","PHF5A","3'","0","0","42","-Inf","1","No support","TNRC6B{NM_015088.2}:r.1_0_ins_PHF5A{NM_032758.3}:r.104_1065","No","No","No","NM_032758.3","22","complement(41468147^41468148)",""
"Fusion 28: TNRC6B-PHF5A","201781^201782","TNRC6B-PHF5A","28","3","TNRC6B","PHF5A","3'","5","16","50","16.0930311725","4.663E-7","PASS","TNRC6B{NM_015088.2}:r.1_216_PHF5A{NM_032758.3}:r.128_1065","No","No","No","NM_032758.3","22","complement(41467614^41467615)",""
"Fusion 29: WHAMMP1-WHAMMP3","5210^5211","WHAMMP1-WHAMMP3","29","1","WHAMMP1","WHAMMP3","5'","15","19","27","80.6961907933","0","PASS","WHAMMP1{NR_036650.1}:r.1_856_WHAMMP3{NR_003521.1}:r.1400_3589","No","No","No","NR_036650.1","15","complement(32528531^32528532)",""
"Fusion 29: WHAMMP1-WHAMMP3","9031^9032","WHAMMP1-WHAMMP3","29","1","WHAMMP1","WHAMMP3","3'","15","19","27","80.6961907933","0","PASS","WHAMMP1{NR_036650.1}:r.1_856_WHAMMP3{NR_003521.1}:r.1400_3589","No","No","No","NR_003521.1","15","22676804^22676805",""
"Fusion 30: LOC107984140-KDELR1","2969^2970","LOC107984140-KDELR1","30","1","LOC107984140","KDELR1","5'","12","14","44","51.6682058173","0","PASS","LOC107984140{XR_001753968.1}:r.1_2969_KDELR1{NM_006801.2}:r.287_1557","No","No","No","XR_001753968.1,XR_001753967.1,XR_001753969.1","19","complement(48394054^48394055)",""
"Fusion 30: LOC107984140-KDELR1","4026^4027","LOC107984140-KDELR1","30","2","LOC107984140","KDELR1","5'","2","2","44","4.6173730722","0.0421092185","High p-value","LOC107984140{XR_001753968.1}:r.1_3874_KDELR1{NM_006801.2}:r.287_1557","No","No","No","XR_001753969.1","19","complement(48392997^48392998)",""
"Fusion 30: LOC107984140-KDELR1","4819^4820","LOC107984140-KDELR1","30","1","LOC107984140","KDELR1","3'","12","14","44","51.6682058173","0","PASS","LOC107984140{XR_001753968.1}:r.1_2969_KDELR1{NM_006801.2}:r.287_1557","No","No","No","NM_006801.2","19","complement(48390524^48390525)",""
"Fusion 30: LOC107984140-KDELR1","4819^4820","LOC107984140-KDELR1","30","2","LOC107984140","KDELR1","3'","2","2","44","4.6173730722","0.0421092185","High p-value","LOC107984140{XR_001753968.1}:r.1_3874_KDELR1{NM_006801.2}:r.287_1557","No","No","No","NM_006801.2","19","complement(48390524^48390525)",""
"Fusion 31: STX16-STX16-NPEPL1","22459^22460","STX16-STX16-NPEPL1","31","1","STX16","STX16-NPEPL1","5'","20","50","36","74.3063428412","0","PASS","STX16{NM_003763.5}:r.1_1564_STX16-NPEPL1{NR_037945.1}:r.1980_4048","No","No","Yes","NM_003763.5,NM_001134773.2,NM_001001433.2,NM_001134772.2,NM_001204868.1,NR_037941.1,NR_037942.1,NR_037943.1","20","58673711^58673712",""
"Fusion 31: STX16-STX16-NPEPL1","22459^22460","STX16-STX16-NPEPL1","31","2","STX16","STX16-NPEPL1","5'","4","50","15","12.0085054942","3.279E-5","PASS","STX16{NM_003763.5}:r.1_1564_STX16-NPEPL1{NR_037945.1}:r.1822_4048","No","No","Yes","NM_003763.5,NM_001134773.2,NM_001001433.2,NM_001134772.2,NM_001204868.1,NR_037941.1,NR_037942.1,NR_037943.1","20","58673711^58673712",""
"Fusion 31: STX16-STX16-NPEPL1","24984^24985","STX16-STX16-NPEPL1","31","2","STX16","STX16-NPEPL1","3'","4","50","15","12.0085054942","3.279E-5","PASS","STX16{NM_003763.5}:r.1_1564_STX16-NPEPL1{NR_037945.1}:r.1822_4048","No","No","Yes","NR_037945.1","20","58691404^58691405",""
"Fusion 31: STX16-STX16-NPEPL1","25303^25304","STX16-STX16-NPEPL1","31","1","STX16","STX16-NPEPL1","3'","20","50","36","74.3063428412","0","PASS","STX16{NM_003763.5}:r.1_1564_STX16-NPEPL1{NR_037945.1}:r.1980_4048","No","No","Yes","NR_037945.1,NM_001204872.1,NM_001204873.1","20","58691723^58691724",""
"Fusion 32: GTF2IRD2B-GTF2IRD2","30961^30962","GTF2IRD2B-GTF2IRD2","32","3","GTF2IRD2B","GTF2IRD2","5'","0","12","0","-Inf","1","No support","GTF2IRD2B{NM_001003795.2}:r.1_786_GTF2IRD2{NM_173537.3}:r.787_3583","No","No","Yes","NM_001003795.2","7","75123516^75123517",""
"Fusion 32: GTF2IRD2B-GTF2IRD2","33415^33416","GTF2IRD2B-GTF2IRD2","32","1","GTF2IRD2B","GTF2IRD2","5'","0","10","8","-Inf","1","No support","GTF2IRD2B{NM_001003795.2}:r.1_841_GTF2IRD2{NM_173537.3}:r.842_3583","No","No","Yes","NM_001003795.2","7","75125970^75125971",""
"Fusion 32: GTF2IRD2B-GTF2IRD2","42502^42503","GTF2IRD2B-GTF2IRD2","32","4","GTF2IRD2B","GTF2IRD2","5'","0","21","0","-Inf","1","No support","GTF2IRD2B{NM_001003795.2}:r.1_1020_GTF2IRD2{NM_173537.3}:r.1021_3583","No","No","Yes","NM_001003795.2","7","75135057^75135058",""
"Fusion 32: GTF2IRD2B-GTF2IRD2","48631^48632","GTF2IRD2B-GTF2IRD2","32","2","GTF2IRD2B","GTF2IRD2","5'","0","20","0","-Inf","1","No support","GTF2IRD2B{NM_001003795.2}:r.1_1248_GTF2IRD2{NM_173537.3}:r.1433_3583","No","No","Yes","NM_001003795.2","7","75141186^75141187",""
"Fusion 32: GTF2IRD2B-GTF2IRD2","48681^48682","GTF2IRD2B-GTF2IRD2","32","3","GTF2IRD2B","GTF2IRD2","3'","0","12","0","-Inf","1","No support","GTF2IRD2B{NM_001003795.2}:r.1_786_GTF2IRD2{NM_173537.3}:r.787_3583","No","No","Yes","NM_173537.3","7","complement(74820023^74820024)",""
"Fusion 32: GTF2IRD2B-GTF2IRD2","49107^49108","GTF2IRD2B-GTF2IRD2","32","1","GTF2IRD2B","GTF2IRD2","3'","0","10","8","-Inf","1","No support","GTF2IRD2B{NM_001003795.2}:r.1_841_GTF2IRD2{NM_173537.3}:r.842_3583","No","No","Yes","NM_173537.3","7","complement(74819597^74819598)",""
"Fusion 32: GTF2IRD2B-GTF2IRD2","59531^59532","GTF2IRD2B-GTF2IRD2","32","4","GTF2IRD2B","GTF2IRD2","3'","0","21","0","-Inf","1","No support","GTF2IRD2B{NM_001003795.2}:r.1_1020_GTF2IRD2{NM_173537.3}:r.1021_3583","No","No","Yes","NM_173537.3","7","complement(74809173^74809174)",""
"Fusion 32: GTF2IRD2B-GTF2IRD2","66691^66692","GTF2IRD2B-GTF2IRD2","32","2","GTF2IRD2B","GTF2IRD2","3'","0","20","0","-Inf","1","No support","GTF2IRD2B{NM_001003795.2}:r.1_1248_GTF2IRD2{NM_173537.3}:r.1433_3583","No","No","Yes","NM_173537.3","7","complement(74802013^74802014)",""
"Fusion 33: MT1A-MT1L","101^102","MT1A-MT1L","33","1","MT1A","MT1L","5'","58","107","423","82.4096567369","0","PASS","MT1A{NM_005946.2}:r.1_101_MT1L{NR_001447.2}:r.197_426","No","No","No","NM_005946.2","16","56638766^56638767",""
"Fusion 33: MT1A-MT1L","992^993","MT1A-MT1L","33","1","MT1A","MT1L","3'","58","107","423","82.4096567369","0","PASS","MT1A{NM_005946.2}:r.1_101_MT1L{NR_001447.2}:r.197_426","No","No","No","NR_001447.2","16","56618588^56618589",""
"Fusion 34: FAM19A5-LOC105369162","266^267","FAM19A5-LOC105369162","34","1","FAM19A5","LOC105369162","5'","14","39","14","66.5269287831","0","PASS","FAM19A5{NM_015381.6}:r.1_266_LOC105369162{XR_938329.2}:r.4889_7444","No","No","No","NM_015381.6","22","48576571^48576572",""
"Fusion 34: FAM19A5-LOC105369162","73187^73188","FAM19A5-LOC105369162","34","1","FAM19A5","LOC105369162","3'","14","39","14","66.5269287831","0","PASS","FAM19A5{NM_015381.6}:r.1_266_LOC105369162{XR_938329.2}:r.4889_7444","No","No","No","XR_938329.2,XR_938328.2","22","48593643^48593644",""
"Fusion 35: LOC105378936-PHGDH","1847^1848","LOC105378936-PHGDH","35","1","LOC105378936","PHGDH","5'","11","22","250","19.1112695874","2.601E-13","PASS","LOC105378936{XR_947756.1}:r.1_1847_PHGDH{NM_006623.3}:r.738_2015","No","No","No","XR_947756.1","1","119729633^119729634",""
"Fusion 35: LOC105378936-PHGDH","9734^9735","LOC105378936-PHGDH","35","1","LOC105378936","PHGDH","3'","11","22","250","19.1112695874","2.601E-13","PASS","LOC105378936{XR_947756.1}:r.1_1847_PHGDH{NM_006623.3}:r.738_2015","No","No","No","NM_006623.3,XM_011541226.1,XM_011541231.2,XM_011541227.2,XM_011541228.1","1","119734633^119734634",""
"Fusion 36: LOC102723564-HERC2P4","6381^6382","LOC102723564-HERC2P4","36","1","LOC102723564","HERC2P4","5'","11","14","15","76.6044266303","0","PASS","LOC102723564{XR_001751436.1}:r.1_1207_HERC2P4{NR_109773.1}:r.771_2708","No","No","No","XR_001751436.1","15","23310297^23310298",""
"Fusion 36: LOC102723564-HERC2P4","7468^7469","LOC102723564-HERC2P4","36","1","LOC102723564","HERC2P4","3'","11","14","15","76.6044266303","0","PASS","LOC102723564{XR_001751436.1}:r.1_1207_HERC2P4{NR_109773.1}:r.771_2708","No","No","No","NR_109773.1","16","complement(32180756^32180757)",""
"Fusion 37: SLC43A3-PRG2","12966^12967","SLC43A3-PRG2","37","2","SLC43A3","PRG2","5'","1","260","10","-Inf","1","Few supporting reads","SLC43A3{NM_014096.3}:r.1_1507_PRG2{NM_002728.5}:r.63_1431","No","No","Yes","NM_014096.3,NM_001278201.1,NM_017611.2,NM_199329.2,NM_001278206.1","11","complement(57414614^57414615)",""
"Fusion 37: SLC43A3-PRG2","18406^18407","SLC43A3-PRG2","37","1","SLC43A3","PRG2","5'","6","314","10","8.3216947743","1.994E-5","PASS","SLC43A3{NM_014096.3}:r.1_1818_PRG2{NM_002728.5}:r.63_1431","No","No","Yes","NM_014096.3,NM_001278201.1,NM_017611.2,NM_199329.2,NM_001278206.1","11","complement(57409174^57409175)",""
"Fusion 37: SLC43A3-PRG2","18982^18983","SLC43A3-PRG2","37","1","SLC43A3","PRG2","3'","6","314","10","8.3216947743","1.994E-5","PASS","SLC43A3{NM_014096.3}:r.1_1818_PRG2{NM_002728.5}:r.63_1431","No","No","Yes","NM_002728.5,NM_001302926.1,NM_001302927.1,NM_001243245.2","11","complement(57389956^57389957)",""
"Fusion 37: SLC43A3-PRG2","18982^18983","SLC43A3-PRG2","37","2","SLC43A3","PRG2","3'","1","260","10","-Inf","1","Few supporting reads","SLC43A3{NM_014096.3}:r.1_1507_PRG2{NM_002728.5}:r.63_1431","No","No","Yes","NM_002728.5,NM_001302926.1,NM_001302927.1,NM_001243245.2","11","complement(57389956^57389957)",""
"Fusion 38: RPL23AP53-LOC101927506","190^191","RPL23AP53-LOC101927506","38","1","RPL23AP53","LOC101927506","5'","6","15","6","42.1604766518","1.987E-12","PASS","RPL23AP53{NR_003572.2}:r.1_190_LOC101927506{XR_941341.2}:r.896_4011","No","No","No","NR_003572.2,NM_001287255.1","8","complement(232128^232129)",""
"Fusion 38: RPL23AP53-LOC101927506","7977^7978","RPL23AP53-LOC101927506","38","1","RPL23AP53","LOC101927506","3'","6","15","6","42.1604766518","1.987E-12","PASS","RPL23AP53{NR_003572.2}:r.1_190_LOC101927506{XR_941341.2}:r.896_4011","No","No","No","XR_941341.2,XR_001745750.1","8","complement(86580^86581)",""
"Fusion 39: PPP2R5C-LOC107984658","2398^2399","PPP2R5C-LOC107984658","39","1","PPP2R5C","LOC107984658","5'","6","12","6","47.5920505547","4.597E-13","PASS","PPP2R5C{NM_001161726.1}:r.1_189_LOC107984658{XR_001750901.1}:r.209_2104","No","No","No","NM_001161726.1,NM_001161725.1,XM_005267819.1,XM_005267820.1,XM_005267827.1,XM_005267823.1,XM_005267824.1,XM_005267822.3","14","101762970^101762971",""
"Fusion 39: PPP2R5C-LOC107984658","26362^26363","PPP2R5C-LOC107984658","39","1","PPP2R5C","LOC107984658","3'","6","12","6","47.5920505547","4.597E-13","PASS","PPP2R5C{NM_001161726.1}:r.1_189_LOC107984658{XR_001750901.1}:r.209_2104","No","No","No","XR_001750901.1","14","101765153^101765154",""
"Fusion 40: GSTM4-GSTM2","1596^1597","GSTM4-GSTM2","40","1","GSTM4","GSTM2","5'","1","242","822","-Inf","1","Few supporting reads","GSTM4{NM_000850.4}:r.1_573_GSTM2{NM_000848.3}:r.354_1201","No","No","Yes","NM_000850.4,NM_147148.2,XM_017001086.1,XM_017001087.1,XM_017001085.1","1","109657671^109657672",""
"Fusion 40: GSTM4-GSTM2","1845^1846","GSTM4-GSTM2","40","1","GSTM4","GSTM2","3'","1","242","822","-Inf","1","Few supporting reads","GSTM4{NM_000850.4}:r.1_573_GSTM2{NM_000848.3}:r.354_1201","No","No","Yes","NM_000848.3,NM_001142368.1","1","109669470^109669471",""
"Fusion 41: GSTM1-GSTM2","1334^1335","GSTM1-GSTM2","41","1","GSTM1","GSTM2","5'","0","315","821","-Inf","1","No support","GSTM1{NM_000561.3}:r.1_337_GSTM2{NM_000848.3}:r.354_1201","No","No","Yes","NM_000561.3,NM_146421.2,XM_005270782.4","1","109689129^109689130",""
"Fusion 41: GSTM1-GSTM2","1530^1531","GSTM1-GSTM2","41","2","GSTM1","GSTM2","5'","4","259","2918","-0.0966226876","0.6143455989","High p-value","GSTM1{NM_000561.3}:r.1_438_GSTM2{NM_000848.3}:r.662_1201","No","No","Yes","NM_000561.3,NM_146421.2,XM_005270782.4","1","109689325^109689326",""
"Fusion 41: GSTM1-GSTM2","2525^2526","GSTM1-GSTM2","41","1","GSTM1","GSTM2","3'","0","315","821","-Inf","1","No support","GSTM1{NM_000561.3}:r.1_337_GSTM2{NM_000848.3}:r.354_1201","No","No","Yes","NM_000848.3,NM_001142368.1","1","109669470^109669471",""
"Fusion 41: GSTM1-GSTM2","7801^7802","GSTM1-GSTM2","41","2","GSTM1","GSTM2","3'","4","259","2918","-0.0966226876","0.6143455989","High p-value","GSTM1{NM_000561.3}:r.1_438_GSTM2{NM_000848.3}:r.662_1201","No","No","Yes","NM_000848.3","1","109674746^109674747",""
"Fusion 42: ERI3-IT1-ERI3","2369^2370","ERI3-IT1-ERI3","42","1","ERI3-IT1","ERI3","5'","6","6","103","15.343906761","7.683E-8","PASS","ERI3-IT1{NR_110056.1}:r.1_205_ERI3{NM_024066.2}:r.1185_1755","No","No","No","NR_110056.1","1","complement(44241914^44241915)",""
"Fusion 42: ERI3-IT1-ERI3","44628^44629","ERI3-IT1-ERI3","42","1","ERI3-IT1","ERI3","3'","6","6","103","15.343906761","7.683E-8","PASS","ERI3-IT1{NR_110056.1}:r.1_205_ERI3{NM_024066.2}:r.1185_1755","No","No","No","NM_024066.2,NM_001301698.1,NM_001301699.1,NM_001301700.1,NM_001301701.1,XM_017002301.1,XM_005271186.2,XM_006710891.3,XM_017002303.1,XM_017002304.1,XM_017002305.1,XM_017002302.1","1","complement(44221640^44221641)",""
"Fusion 43: LOC107986084-USP4","365^366","LOC107986084-USP4","43","1","LOC107986084","USP4","5'","6","22","13","29.7282510715","9.641E-11","PASS","LOC107986084{XM_017007618.1}:r.1_365_USP4{NM_003363.3}:r.775_4120","No","No","No","XM_017007618.1","3","complement(49318308^49318309)",""
"Fusion 43: LOC107986084-USP4","14292^14293","LOC107986084-USP4","43","1","LOC107986084","USP4","3'","6","22","13","29.7282510715","9.641E-11","PASS","LOC107986084{XM_017007618.1}:r.1_365_USP4{NM_003363.3}:r.775_4120","No","No","No","NM_003363.3","3","complement(49311654^49311655)",""
"Fusion 44: CXorf40B-CXorf40A","1418^1419","CXorf40B-CXorf40A","44","1","CXorf40B","CXorf40A","5'","0","29","12","-Inf","1","No support","CXorf40B{NM_001013845.1}:r.1_354_CXorf40A{NM_001171907.2}:r.438_2445","No","No","No","NM_001013845.1,XM_017029591.1,XM_017029593.1,XM_017029590.1,XM_011531181.2,XM_017029588.1,XM_005274701.2,XM_017029587.1,XM_005274700.1,XM_005274699.1,XM_017029589.1,XM_005274702.3","X","complement(149937432^149937433)",""
"Fusion 44: CXorf40B-CXorf40A","4846^4847","CXorf40B-CXorf40A","44","2","CXorf40B","CXorf40A","5'","1","86","23","-Inf","1","Few supporting reads","CXorf40B{NM_001013845.1}:r.1_487_CXorf40A{NM_001171907.2}:r.853_2445","No","No","No","NM_001013845.1,XM_017029591.1,XM_017029593.1,XM_017029590.1,XM_017029592.1,XM_011531181.2,XM_017029588.1,XM_005274701.2,XM_017029587.1,XM_017029586.1,XM_005274700.1,XM_017029585.1,XM_005274699.1,XM_005274698.1,XM_011531180.2,XM_017029589.1,XM_006724826.3,XM_005274702.3","X","complement(149934004^149934005)",""
"Fusion 44: CXorf40B-CXorf40A","4997^4998","CXorf40B-CXorf40A","44","1","CXorf40B","CXorf40A","3'","0","29","12","-Inf","1","No support","CXorf40B{NM_001013845.1}:r.1_354_CXorf40A{NM_001171907.2}:r.438_2445","No","No","No","NM_001171907.2,NM_001171908.2,NM_001324274.1,NM_001324275.1,NM_001324277.1,NM_001324278.1,NM_001324280.1,NM_178124.5,NM_001324276.1,NM_001324279.1,NM_001171909.3,XM_005262349.4","X","149545367^149545368",""
"Fusion 44: CXorf40B-CXorf40A","6368^6369","CXorf40B-CXorf40A","44","2","CXorf40B","CXorf40A","3'","1","86","23","-Inf","1","Few supporting reads","CXorf40B{NM_001013845.1}:r.1_487_CXorf40A{NM_001171907.2}:r.853_2445","No","No","No","NM_001171907.2,NM_001171908.2,NM_001324274.1,NM_001324275.1,NM_001324277.1,NM_001324278.1,NM_001324280.1,NM_178124.5,NM_001324276.1,NM_001324279.1,NM_001171909.3,XM_005262349.4","X","149546738^149546739",""
"Fusion 45: NSUN5P1-NSUN5","139^140","NSUN5P1-NSUN5","45","1","NSUN5P1","NSUN5","5'","13","18","49","51.9204185455","0","PASS","NSUN5P1{NR_104013.1}:r.1_139_NSUN5{NM_148956.3}:r.578_2377","No","No","No","NR_104013.1,NR_033322.3","7","75410460^75410461",""
"Fusion 45: NSUN5P1-NSUN5","2630^2631","NSUN5P1-NSUN5","45","1","NSUN5P1","NSUN5","3'","13","18","49","51.9204185455","0","PASS","NSUN5P1{NR_104013.1}:r.1_139_NSUN5{NM_148956.3}:r.578_2377","No","No","No","NM_148956.3,NM_018044.4,NM_001168347.2,NM_001168348.2,XM_005277604.4,XR_242255.4","7","complement(73305097^73305098)",""
"Fusion 46: GTF2IRD2-GTF2IRD2B","15297^15298","GTF2IRD2-GTF2IRD2B","46","6","GTF2IRD2","GTF2IRD2B","5'","0","90","26","-Inf","1","No support","GTF2IRD2{NM_173537.3}:r.1_314_GTF2IRD2B{NM_001003795.2}:r.315_3585","No","No","Yes","NM_173537.3,NM_001281447.1","7","complement(74836279^74836280)",""
"Fusion 46: GTF2IRD2-GTF2IRD2B","26644^26645","GTF2IRD2-GTF2IRD2B","46","5","GTF2IRD2","GTF2IRD2B","5'","1","1","20","-Inf","1","Few supporting reads","GTF2IRD2{NM_173537.3}:r.1_573_GTF2IRD2B{NM_001003795.2}:r.787_3585","No","No","Yes","NM_173537.3","7","complement(74824932^74824933)",""
"Fusion 46: GTF2IRD2-GTF2IRD2B","28953^28954","GTF2IRD2-GTF2IRD2B","46","4","GTF2IRD2","GTF2IRD2B","5'","9","9","20","57.9292313817","0","PASS","GTF2IRD2{NM_173537.3}:r.1_757_GTF2IRD2B{NM_001003795.2}:r.787_3585","No","No","Yes","NM_173537.3","7","complement(74822623^74822624)",""
"Fusion 46: GTF2IRD2-GTF2IRD2B","31608^31609","GTF2IRD2-GTF2IRD2B","46","1","GTF2IRD2","GTF2IRD2B","5'","0","0","30","-Inf","1","No support","GTF2IRD2{NM_173537.3}:r.1_841_GTF2IRD2B{NM_001003795.2}:r.842_3585","No","No","Yes","NM_173537.3","7","complement(74819968^74819969)",""
"Fusion 46: GTF2IRD2-GTF2IRD2B","40681^40682","GTF2IRD2-GTF2IRD2B","46","3","GTF2IRD2","GTF2IRD2B","5'","0","0","21","-Inf","1","No support","GTF2IRD2{NM_173537.3}:r.1_1020_GTF2IRD2B{NM_001003795.2}:r.1021_3585","No","No","Yes","NM_173537.3","7","complement(74810895^74810896)",""
"Fusion 46: GTF2IRD2-GTF2IRD2B","46800^46801","GTF2IRD2-GTF2IRD2B","46","2","GTF2IRD2","GTF2IRD2B","5'","1","1","30","-Inf","1","Few supporting reads","GTF2IRD2{NM_173537.3}:r.1_1248_GTF2IRD2B{NM_001003795.2}:r.1087_3585","No","No","Yes","NM_173537.3","7","complement(74804776^74804777)",""
"Fusion 46: GTF2IRD2-GTF2IRD2B","46800^46801","GTF2IRD2-GTF2IRD2B","46","7","GTF2IRD2","GTF2IRD2B","5'","0","1","19","-Inf","1","No support","GTF2IRD2{NM_173537.3}:r.1_1248_GTF2IRD2B{NM_001003795.2}:r.1433_3585","No","No","Yes","NM_173537.3","7","complement(74804776^74804777)",""
"Fusion 46: GTF2IRD2-GTF2IRD2B","46850^46851","GTF2IRD2-GTF2IRD2B","46","6","GTF2IRD2","GTF2IRD2B","3'","0","90","26","-Inf","1","No support","GTF2IRD2{NM_173537.3}:r.1_314_GTF2IRD2B{NM_001003795.2}:r.315_3585","No","No","Yes","NM_001003795.2","7","75112396^75112397",""
"Fusion 46: GTF2IRD2-GTF2IRD2B","60369^60370","GTF2IRD2-GTF2IRD2B","46","4","GTF2IRD2","GTF2IRD2B","3'","9","9","20","57.9292313817","0","PASS","GTF2IRD2{NM_173537.3}:r.1_757_GTF2IRD2B{NM_001003795.2}:r.787_3585","No","No","Yes","NM_001003795.2","7","75125915^75125916",""
"Fusion 46: GTF2IRD2-GTF2IRD2B","60369^60370","GTF2IRD2-GTF2IRD2B","46","5","GTF2IRD2","GTF2IRD2B","3'","1","1","20","-Inf","1","Few supporting reads","GTF2IRD2{NM_173537.3}:r.1_573_GTF2IRD2B{NM_001003795.2}:r.787_3585","No","No","Yes","NM_001003795.2","7","75125915^75125916",""
"Fusion 46: GTF2IRD2-GTF2IRD2B","60795^60796","GTF2IRD2-GTF2IRD2B","46","1","GTF2IRD2","GTF2IRD2B","3'","0","0","30","-Inf","1","No support","GTF2IRD2{NM_173537.3}:r.1_841_GTF2IRD2B{NM_001003795.2}:r.842_3585","No","No","Yes","NM_001003795.2","7","75126341^75126342",""
"Fusion 46: GTF2IRD2-GTF2IRD2B","71238^71239","GTF2IRD2-GTF2IRD2B","46","3","GTF2IRD2","GTF2IRD2B","3'","0","0","21","-Inf","1","No support","GTF2IRD2{NM_173537.3}:r.1_1020_GTF2IRD2B{NM_001003795.2}:r.1021_3585","No","No","Yes","NM_001003795.2","7","75136784^75136785",""
"Fusion 46: GTF2IRD2-GTF2IRD2B","73403^73404","GTF2IRD2-GTF2IRD2B","46","2","GTF2IRD2","GTF2IRD2B","3'","1","1","30","-Inf","1","Few supporting reads","GTF2IRD2{NM_173537.3}:r.1_1248_GTF2IRD2B{NM_001003795.2}:r.1087_3585","No","No","Yes","NM_001003795.2","7","75138949^75138950",""
"Fusion 46: GTF2IRD2-GTF2IRD2B","78403^78404","GTF2IRD2-GTF2IRD2B","46","7","GTF2IRD2","GTF2IRD2B","3'","0","1","19","-Inf","1","No support","GTF2IRD2{NM_173537.3}:r.1_1248_GTF2IRD2B{NM_001003795.2}:r.1433_3585","No","No","Yes","NM_001003795.2","7","75143949^75143950",""
"Fusion 47: NAGA-EWSR1","589^590","NAGA-EWSR1","47","1","NAGA","EWSR1","5'","10","10","61","36.515659564","0","PASS","NAGA{NM_000262.2}:r.1_561_EWSR1{NM_005243.3}:r.1122_2663","No","No","Yes","NM_000262.2,XM_005261615.4,XM_005261616.4","22","complement(42070281^42070282)",""
"Fusion 47: NAGA-EWSR1","3817^3818","NAGA-EWSR1","47","1","NAGA","EWSR1","3'","10","10","61","36.515659564","0","PASS","NAGA{NM_000262.2}:r.1_561_EWSR1{NM_005243.3}:r.1122_2663","No","No","Yes","NM_005243.3,NM_013986.3,NM_001163285.1,NM_001163287.1,NM_001163286.1,XM_017028657.1,XM_017028661.1,XM_017028666.1,XM_005261389.3,XM_017028644.1,XM_011529995.2,XM_011529996.2,XM_017028645.1,XM_017028647.1,XM_011529997.1,XM_011529998.1,XM_011529999.2,XM_017028646.1,XM_017028664.1,XM_017028648.1,XM_011530000.1,XM_017028665.1,XM_017028649.1,XM_017028651.1,XM_017028653.1,XM_005261390.4,XM_017028655.1,XM_017028656.1,XM_017028650.1,XM_017028652.1,XM_011530001.2,XM_017028654.1,XM_017028659.1,XM_017028660.1,XM_017028658.1,XM_017028662.1,XM_017028663.1","22","29288605^29288606",""
"Fusion 48: CLN6-CALML4","241^242","CLN6-CALML4","48","1","CLN6","CALML4","5'","8","19","14","45.0524182154","3.331E-16","PASS","CLN6{NM_017882.2}:r.1_241_CALML4{NM_033429.2}:r.1039_4635","No","No","Yes","NM_017882.2","15","complement(68229501^68229502)",""
"Fusion 48: CLN6-CALML4","241^242","CLN6-CALML4","48","4","CLN6","CALML4","5'","1","19","6","-Inf","1","Few supporting reads","CLN6{NM_017882.2}:r.1_241_CALML4{NM_033429.2}:r.898_4635","No","No","Yes","NM_017882.2","15","complement(68229501^68229502)",""
"Fusion 48: CLN6-CALML4","11207^11208","CLN6-CALML4","48","2","CLN6","CALML4","5'","6","24","26","23.9167380551","9.326E-10","PASS","CLN6{NM_017882.2}:r.1_356_CALML4{NM_033429.2}:r.1228_4635","No","No","Yes","NM_017882.2","15","complement(68218535^68218536)",""
"Fusion 48: CLN6-CALML4","11207^11208","CLN6-CALML4","48","3","CLN6","CALML4","5'","3","24","14","10.6674670694","5.492E-4","PASS","CLN6{NM_017882.2}:r.1_356_CALML4{NM_033429.2}:r.1039_4635","No","No","Yes","NM_017882.2","15","complement(68218535^68218536)",""
"Fusion 48: CLN6-CALML4","16696^16697","CLN6-CALML4","48","4","CLN6","CALML4","3'","1","19","6","-Inf","1","Few supporting reads","CLN6{NM_017882.2}:r.1_241_CALML4{NM_033429.2}:r.898_4635","No","No","Yes","NM_033429.2,NM_001286694.1","15","complement(68199681^68199682)",""
"Fusion 48: CLN6-CALML4","18749^18750","CLN6-CALML4","48","1","CLN6","CALML4","3'","8","19","14","45.0524182154","3.331E-16","PASS","CLN6{NM_017882.2}:r.1_241_CALML4{NM_033429.2}:r.1039_4635","No","No","Yes","NM_033429.2,NM_001031733.2,NM_001286694.1,NM_001286695.1","15","complement(68197628^68197629)",""
"Fusion 48: CLN6-CALML4","18749^18750","CLN6-CALML4","48","3","CLN6","CALML4","3'","3","24","14","10.6674670694","5.492E-4","PASS","CLN6{NM_017882.2}:r.1_356_CALML4{NM_033429.2}:r.1039_4635","No","No","Yes","NM_033429.2,NM_001031733.2,NM_001286694.1,NM_001286695.1","15","complement(68197628^68197629)",""
"Fusion 48: CLN6-CALML4","22265^22266","CLN6-CALML4","48","2","CLN6","CALML4","3'","6","24","26","23.9167380551","9.326E-10","PASS","CLN6{NM_017882.2}:r.1_356_CALML4{NM_033429.2}:r.1228_4635","No","No","Yes","NM_033429.2,NM_001031733.2,NM_001286694.1,NM_001286695.1,NR_104583.1","15","complement(68194112^68194113)",""
"Fusion 49: SDHAP2-SDHAP1","4695^4696","SDHAP2-SDHAP1","49","3","SDHAP2","SDHAP1","5'","15","17","15","110.608545105","0","PASS","SDHAP2{NR_003265.3}:r.1_376_SDHAP1{NR_003264.2}:r.586_2491","No","No","No","NR_003265.3","3","195662733^195662734",""
"Fusion 49: SDHAP2-SDHAP1","23263^23264","SDHAP2-SDHAP1","49","1","SDHAP2","SDHAP1","5'","0","74","4","-Inf","1","No support","SDHAP2{NR_003265.3}:r.1_1726_SDHAP1{NR_003264.2}:r.1959_2491","No","No","No","NR_003265.3","3","195681301^195681302",""
"Fusion 49: SDHAP2-SDHAP1","25827^25828","SDHAP2-SDHAP1","49","2","SDHAP2","SDHAP1","5'","36","90","45","111.5461363766","0","PASS","SDHAP2{NR_003265.3}:r.1_1971_SDHAP1{NR_003264.2}:r.2204_2491","No","No","No","NR_003265.3","3","195683865^195683866",""
"Fusion 49: SDHAP2-SDHAP1","26092^26093","SDHAP2-SDHAP1","49","3","SDHAP2","SDHAP1","3'","15","17","15","110.608545105","0","PASS","SDHAP2{NR_003265.3}:r.1_376_SDHAP1{NR_003264.2}:r.586_2491","No","No","No","NR_003264.2","3","complement(195984276^195984277)",""
"Fusion 49: SDHAP2-SDHAP1","42724^42725","SDHAP2-SDHAP1","49","1","SDHAP2","SDHAP1","3'","0","74","4","-Inf","1","No support","SDHAP2{NR_003265.3}:r.1_1726_SDHAP1{NR_003264.2}:r.1959_2491","No","No","No","NR_003264.2","3","complement(195967644^195967645)",""
"Fusion 49: SDHAP2-SDHAP1","46947^46948","SDHAP2-SDHAP1","49","2","SDHAP2","SDHAP1","3'","36","90","45","111.5461363766","0","PASS","SDHAP2{NR_003265.3}:r.1_1971_SDHAP1{NR_003264.2}:r.2204_2491","No","No","No","NR_003264.2","3","complement(195963421^195963422)",""
"Fusion 50: LOC101929400-LOC107986910","268^269","LOC101929400-LOC107986910","50","1","LOC101929400","LOC107986910","5'","10","16","14","65.1876239869","0","PASS","LOC101929400{XM_017014150.1}:r.1_268_LOC107986910{XR_001745778.1}:r.821_1001","No","No","No","XM_017014150.1","8","complement(7686145^7686146)",""
"Fusion 50: LOC101929400-LOC107986910","5575^5576","LOC101929400-LOC107986910","50","1","LOC101929400","LOC107986910","3'","10","16","14","65.1876239869","0","PASS","LOC101929400{XM_017014150.1}:r.1_268_LOC107986910{XR_001745778.1}:r.821_1001","No","No","No","XR_001745778.1","8","7613497^7613498",""
"Fusion 51: MIR6772-KIFC3","23^24","MIR6772-KIFC3","51","1","MIR6772","KIFC3","5'","7","7","10","63.1822839173","1.11E-16","PASS","MIR6772{rna118974}:r.1_23_KIFC3{NM_005550.3}:r.513_3366","No","No","No","rna118974","16","complement(57772289^57772290)",""
"Fusion 51: MIR6772-KIFC3","2764^2765","MIR6772-KIFC3","51","1","MIR6772","KIFC3","3'","7","7","10","63.1822839173","1.11E-16","PASS","MIR6772{rna118974}:r.1_23_KIFC3{NM_005550.3}:r.513_3366","No","No","No","NM_005550.3,NM_001318711.1,NM_001130099.1,NM_001318714.1,NM_001318715.1,NM_001318713.1,NM_001130100.1,NM_001318712.1,NM_001318710.1,XM_017023225.1,XM_017023222.1,XM_017023220.1,XM_006721188.1,XM_017023219.1,XM_017023221.1,XM_005255937.1,XM_017023224.1,XM_017023227.1,XM_017023226.1,XM_011523076.1,XM_011523075.1,XM_011523079.1,XM_011523077.1,XM_017023223.1,XM_005255944.1,XM_011523078.1,NR_134678.1","16","complement(57772288^57772289)",""
"Fusion 52: GTF2IP1-GTF2I","49631^49632","GTF2IP1-GTF2I","52","1","GTF2IP1","GTF2I","5'","0","100","22","-Inf","1","No support","GTF2IP1{NR_002206.3}:r.1_2406_GTF2I{NM_032999.3}:r.3348_4568","No","No","No","NR_002206.3","7","complement(75188074^75188075)",""
"Fusion 52: GTF2IP1-GTF2I","51239^51240","GTF2IP1-GTF2I","52","1","GTF2IP1","GTF2I","3'","0","100","22","-Inf","1","No support","GTF2IP1{NR_002206.3}:r.1_2406_GTF2I{NM_032999.3}:r.3348_4568","No","No","No","NM_032999.3,NM_001518.4,NM_033001.3,NM_033000.3,NM_001163636.2","7","74758779^74758780",""
"Fusion 53: FRG1-FRG1BP","20021^20022","FRG1-FRG1BP","53","1","FRG1","FRG1BP","5'","31","703","95","33.4188201975","0","PASS","FRG1{NM_004477.2}:r.1_820_FRG1BP{NR_003579.1}:r.837_946","No","No","No","NM_004477.2,XM_017007958.1","4","189960839^189960840",""
"Fusion 53: FRG1-FRG1BP","20021^20022","FRG1-FRG1BP","53","2","FRG1","FRG1BP","5'","14","703","88","13.8835246754","2.647E-12","PASS","FRG1{NM_004477.2}:r.1_820_FRG1BP{NR_003579.1}:r.726_946","No","No","No","NM_004477.2,XM_017007958.1","4","189960839^189960840",""
"Fusion 53: FRG1-FRG1BP","21053^21054","FRG1-FRG1BP","53","2","FRG1","FRG1BP","3'","14","703","88","13.8835246754","2.647E-12","PASS","FRG1{NM_004477.2}:r.1_820_FRG1BP{NR_003579.1}:r.726_946","No","No","No","NR_003579.1","20","30397934^30397935",""
"Fusion 53: FRG1-FRG1BP","22340^22341","FRG1-FRG1BP","53","1","FRG1","FRG1BP","3'","31","703","95","33.4188201975","0","PASS","FRG1{NM_004477.2}:r.1_820_FRG1BP{NR_003579.1}:r.837_946","No","No","No","NR_003579.1","20","30399221^30399222",""
"Fusion 54: FAHD2CP-FAHD2B","10915^10916","FAHD2CP-FAHD2B","54","1","FAHD2CP","FAHD2B","5'","9","59","158","17.1370774458","6.109E-11","PASS","FAHD2CP{NR_003698.1}:r.1_389_FAHD2B{NM_199336.2}:r.1071_1302","No","No","No","NR_003698.1","2","96021465^96021466",""
"Fusion 54: FAHD2CP-FAHD2B","12303^12304","FAHD2CP-FAHD2B","54","1","FAHD2CP","FAHD2B","3'","9","59","158","17.1370774458","6.109E-11","PASS","FAHD2CP{NR_003698.1}:r.1_389_FAHD2B{NM_199336.2}:r.1071_1302","No","No","No","NM_199336.2,NM_001320848.1,XR_001738649.1","2","complement(97083817^97083818)",""
"Fusion 55: MIR6890-QARS","20^21","MIR6890-QARS","55","1","MIR6890","QARS","5'","0","0","230","-Inf","1","No support","MIR6890{rna30171}:r.1_21_ins_QARS{NM_005051.2}:r.1692_2821","No","No","No","rna30170","3","complement(49099853^49099854)",""
"Fusion 55: MIR6890-QARS","177^178","MIR6890-QARS","55","1","MIR6890","QARS","3'","0","0","230","-Inf","1","No support","MIR6890{rna30171}:r.1_21_ins_QARS{NM_005051.2}:r.1692_2821","No","No","No","NM_005051.2,NM_001272073.1,XM_017006965.1,NR_073590.1","3","complement(49099853^49099854)",""
"Fusion 56: HLA-B-CTNNBL1","3380^3381","HLA-B-CTNNBL1","56","1","HLA-B","CTNNBL1","5'","3","3","283","3.2367999687","0.0329446737","High p-value","HLA-B{NM_005514.7}:r.1_1611_CTNNBL1{NM_030877.4}:r.1480_1976","No","No","Yes","NM_005514.7","6","complement(31353865^31353866)",""
"Fusion 56: HLA-B-CTNNBL1","5569^5570","HLA-B-CTNNBL1","56","1","HLA-B","CTNNBL1","3'","3","3","283","3.2367999687","0.0329446737","High p-value","HLA-B{NM_005514.7}:r.1_1611_CTNNBL1{NM_030877.4}:r.1480_1976","No","No","Yes","NM_030877.4,NM_001281495.1,XM_011528917.2","20","37842338^37842339",""
"Fusion 57: WASH2P-LOC102723897","11863^11864","WASH2P-LOC102723897","57","2","WASH2P","LOC102723897","5'","7","126","92","12.6411379946","9.308E-8","PASS","WASH2P{NR_024077.2}:r.1_676_LOC102723897{XR_001737556.1}:r.437_1761","No","No","No","NR_024077.2","2","113595515^113595516",""
"Fusion 57: WASH2P-LOC102723897","14814^14815","WASH2P-LOC102723897","57","1","WASH2P","LOC102723897","5'","0","371","1255","-Inf","1","No support","WASH2P{NR_024077.2}:r.1_1528_LOC102723897{XR_001737556.1}:r.1289_1761","No","No","No","NR_024077.2","2","113598466^113598467",""
"Fusion 57: WASH2P-LOC102723897","14864^14865","WASH2P-LOC102723897","57","2","WASH2P","LOC102723897","3'","7","126","92","12.6411379946","9.308E-8","PASS","WASH2P{NR_024077.2}:r.1_676_LOC102723897{XR_001737556.1}:r.437_1761","No","No","No","XR_001737556.1","1","complement(188266^188267)",""
"Fusion 57: WASH2P-LOC102723897","17780^17781","WASH2P-LOC102723897","57","1","WASH2P","LOC102723897","3'","0","371","1255","-Inf","1","No support","WASH2P{NR_024077.2}:r.1_1528_LOC102723897{XR_001737556.1}:r.1289_1761","No","No","No","XR_001737556.1","1","complement(185350^185351)",""
"Fusion 58: HLA-A-HLA-B","2622^2623","HLA-A-HLA-B","58","1","HLA-A","HLA-B","5'","2","6952","2787","-2.8011708523","0.9999411707","High p-value","HLA-A{NM_002116.7}:r.1_1129_HLA-B{NM_005514.7}:r.1133_1611","No","No","Yes","NM_002116.7","6","29945091^29945092",""
"Fusion 58: HLA-A-HLA-B","2920^2921","HLA-A-HLA-B","58","1","HLA-A","HLA-B","3'","2","6952","2787","-2.8011708523","0.9999411707","High p-value","HLA-A{NM_002116.7}:r.1_1129_HLA-B{NM_005514.7}:r.1133_1611","No","No","Yes","NM_005514.7,XM_011514557.1,XR_926175.1","6","complement(31354526^31354527)",""
"Fusion 59: TMA7-RPS2","353^354","TMA7-RPS2","59","1","TMA7","RPS2","5'","3","3322","9955","-3.0957951512","0.9999755857","High p-value","TMA7{NM_015933.4}:r.1_181_RPS2{NM_002952.3}:r.573_942","No","No","No","NM_015933.4","3","48440628^48440629",""
"Fusion 59: TMA7-RPS2","3701^3702","TMA7-RPS2","59","1","TMA7","RPS2","3'","3","3322","9955","-3.0957951512","0.9999755857","High p-value","TMA7{NM_015933.4}:r.1_181_RPS2{NM_002952.3}:r.573_942","No","No","No","NM_002952.3","16","complement(1962656^1962657)",""
"Fusion 60: REXO1-RPL37","33243^33244","REXO1-RPL37","60","1","REXO1","RPL37","5'","3","3","13832","-3.1828188362","0.9999854841","High p-value","REXO1{NM_020695.3}:r.1_4581_RPL37{NM_000997.4}:r.325_1570","No","No","No","NM_020695.3,XM_011528146.2,XM_011528144.1,XM_017027028.1,XM_017027029.1","19","complement(1815245^1815246)",""
"Fusion 60: REXO1-RPL37","34900^34901","REXO1-RPL37","60","1","REXO1","RPL37","3'","3","3","13832","-3.1828188362","0.9999854841","High p-value","REXO1{NM_020695.3}:r.1_4581_RPL37{NM_000997.4}:r.325_1570","No","No","No","NM_000997.4","5","complement(40832573^40832574)",""
"Fusion 61: GNAS-RPS17","69862^69863","GNAS-RPS17","61","1","GNAS","RPS17","5'","3","1324","14678","-3.5014699121","0.9999980968","High p-value","GNAS{NM_080425.3}:r.1_2932_RPS17{NM_001021.4}:r.444_575","No","No","Yes","NM_080425.3,NM_000516.5,NM_001077488.3,NM_001077490.2,NM_001077489.3,NM_001309861.1,NM_016592.3,NM_080426.3,NM_001309840.1,XM_017027812.1,XM_017027813.1,XM_017027814.1,XM_017027816.1,XM_017027817.1,XM_017027819.1,XM_017027818.1,XM_017027815.1,XM_017027820.1,XR_001754247.1","20","58909579^58909580",""
"Fusion 61: GNAS-RPS17","71056^71057","GNAS-RPS17","61","1","GNAS","RPS17","3'","3","1324","14678","-3.5014699121","0.9999980968","High p-value","GNAS{NM_080425.3}:r.1_2932_RPS17{NM_001021.4}:r.444_575","No","No","Yes","NM_001021.4,NR_111943.1,NR_111944.1","15","complement(82536881^82536882)",""
"Fusion 62: CHKA-GAPDH","54963^54964","CHKA-GAPDH","62","1","CHKA","GAPDH","5'","4","167","32115","-5.1558140717","1","High p-value","CHKA{NM_001277.2}:r.1_1230_GAPDH{NM_002046.5}:r.1127_1401","No","No","Yes","NM_001277.2,NM_212469.1,XM_017017148.1,XM_017017147.1,XR_428905.2,XR_949775.2,XR_949772.2,XR_949773.2,XR_428904.3","11","complement(68066428^68066429)",""
"Fusion 62: CHKA-GAPDH","55651^55652","CHKA-GAPDH","62","1","CHKA","GAPDH","3'","4","167","32115","-5.1558140717","1","High p-value","CHKA{NM_001277.2}:r.1_1230_GAPDH{NM_002046.5}:r.1127_1401","No","No","Yes","NM_002046.5,NM_001289745.1,NM_001289746.1,NM_001256799.2","12","6538100^6538101",""
"Fusion 63: TRNC-TRNY","66^67","TRNC-TRNY","63","1","TRNC","TRNY","5'","39","39","39","194.8383945736","0","PASS","TRNC{rna164076}:r.1_66_TRNY{rna164077}:r.1_66","No","No","No","rna164076","MT","complement(5760^5761)",""
"Fusion 63: TRNC-TRNY","116^117","TRNC-TRNY","63","1","TRNC","TRNY","3'","39","39","39","194.8383945736","0","PASS","TRNC{rna164076}:r.1_66_TRNY{rna164077}:r.1_66","No","No","No","rna164077","MT","complement(5891^5892)",""
